{"cameraMode":{"drawMode":0,"name":"Shaded","section":"Shading Mode"},"sceneLighting":true,"audioPlay":false,"sceneViewState":{"showFog":true,"showMaterialUpdate":false,"showSkybox":true,"showFlares":true,"showImageEffects":true,"showParticleSystems":true},"in2DMode":false,"pivot":{"x":24.82101058959961,"y":-45.23834228515625,"z":303.4691467285156},"rotation":{"x":-0.07521576434373856,"y":-0.02482960931956768,"z":0.0018833456560969353,"w":-0.9968671202659607},"size":160.32989501953126,"orthographic":false}