{"cameraMode":{"drawMode":0,"name":"Shaded","section":"Shading Mode"},"sceneLighting":true,"audioPlay":false,"sceneViewState":{"showFog":true,"showMaterialUpdate":false,"showSkybox":true,"showFlares":true,"showImageEffects":true,"showParticleSystems":true},"in2DMode":false,"pivot":{"x":-117.36014556884766,"y":116.39717864990235,"z":-278.6456298828125},"rotation":{"x":-0.015283570624887944,"y":-0.05786411091685295,"z":0.0008863008115440607,"w":-0.9982141852378845},"size":10.0,"orthographic":false}